classifier,precision_no,recall_no,f1-score_no,precision_yes,recall_yes,f1-score_yes,accuracy,precision_macro avg,recall_macro avg,f1-score_macro avg
BernoulliNB,0.7753303964757711,0.9475100942126514,0.8528164748637189,0.7194244604316546,0.32894736842105265,0.4514672686230248,0.7679083094555874,0.7473774284537128,0.6382287313168521,0.6521418717433719
ComplementNB,0.7755813953488372,0.8977119784656796,0.8321896444167186,0.5935828877005348,0.3651315789473684,0.4521384928716904,0.7430754536771729,0.6845821415246861,0.6314217787065239,0.6421640686442045
MultinomialNB,0.7541152263374485,0.9865410497981156,0.8548104956268222,0.8666666666666667,0.2138157894736842,0.3430079155672823,0.7621776504297995,0.8103909465020576,0.6001784196359,0.5989092055970522
LinearSVC,0.7858823529411765,0.8990578734858681,0.8386691776522285,0.6192893401015228,0.4013157894736841,0.4870259481037925,0.7545367717287488,0.7025858465213497,0.6501868314797762,0.6628475628780105
SVC,0.7817589576547231,0.9690444145356664,0.8653846153846154,0.8174603174603174,0.33881578947368424,0.4790697674418605,0.7860553963705826,0.7996096375575203,0.6539301020046753,0.672227191413238
